pair,year,trades,wins,losses,net_pnl_usd,profit_factor
USDJPY,2020,11,4,7,-2758.6577491314256,0.2530410122723302
USDJPY,2021,20,9,11,-4004.8032386863906,0.20868463442471155
