pair,trades,wins,losses,win_rate_pct,profit_factor,net_pnl_usd,avg_r_multiple
USDJPY,29,18,11,62.06896551724138,1.053207864941816,318.68385282454085,-0.0834398687710518
