pair,year,trades,wins,losses,net_pnl_usd,profit_factor
USDJPY,2020,13,7,6,-1384.8705982046995,0.585859290180997
USDJPY,2021,16,11,5,1703.55445102924,1.643956152478718
