{
    "model_A_actual": {
        "sample_total": 19,
        "auditables": 19,
        "no_auditables": 0,
        "PF_real": 6.2307995367046205,
        "expectancy_real": 0.6571678568461751,
        "DD_secuencial_real": 0.8352897307776073,
        "winrate_real": 73.68421052631578,
        "total_R_real": 12.486189280077326,
        "TP_count": 0,
        "BE_count": 0,
        "SL_count": 0,
        "TIME_EXIT_count": 19,
        "AMBIGUOUS_count": 0,
        "max_losing_streak": 2
    },
    "model_B_zero": {
        "sample_total": 19,
        "auditables": 19,
        "no_auditables": 0,
        "PF_real": 6.2307995367046205,
        "expectancy_real": 0.6571678568461751,
        "DD_secuencial_real": 0.8352897307776073,
        "winrate_real": 73.68421052631578,
        "total_R_real": 0.0,
        "TP_count": 0,
        "BE_count": 0,
        "SL_count": 0,
        "TIME_EXIT_count": 19,
        "AMBIGUOUS_count": 0,
        "max_losing_streak": 2
    },
    "model_C_penalty": {
        "sample_total": 19,
        "auditables": 19,
        "no_auditables": 0,
        "PF_real": 6.2307995367046205,
        "expectancy_real": 0.6571678568461751,
        "DD_secuencial_real": 0.8352897307776073,
        "winrate_real": 73.68421052631578,
        "total_R_real": -3.8000000000000003,
        "TP_count": 0,
        "BE_count": 0,
        "SL_count": 0,
        "TIME_EXIT_count": 19,
        "AMBIGUOUS_count": 0,
        "max_losing_streak": 2
    }
}