{
    "BASE_EXECUTABLE": {
        "PF": 3.317366817405668,
        "expectancy": 0.39063838234506615,
        "DD": 1.233312475070576,
        "winrate": 57.14285714285714,
        "total_R": 5.468937352830926,
        "pass": "Pass"
    },
    "SPREAD_SHOCK_1_5X": {
        "PF": 2.8859880684036883,
        "expectancy": 0.35349224494277254,
        "DD": 1.2829785126840987,
        "winrate": 50.0,
        "total_R": 4.948891429198816,
        "pass": "Pass"
    },
    "SPREAD_SHOCK_2X": {
        "PF": 2.4847847077790752,
        "expectancy": 0.31634610754047887,
        "DD": 1.3326445502976214,
        "winrate": 50.0,
        "total_R": 4.428845505566704,
        "pass": "Pass"
    },
    "SLIPPAGE_0_1_PIP": {
        "PF": 3.148820338366249,
        "expectancy": 0.37402360081268515,
        "DD": 1.2646173394133657,
        "winrate": 57.14285714285714,
        "total_R": 5.236330411377592,
        "pass": "Pass"
    },
    "SLIPPAGE_0_2_PIP": {
        "PF": 2.9905810186907344,
        "expectancy": 0.35740881928030416,
        "DD": 1.2959222037561564,
        "winrate": 57.14285714285714,
        "total_R": 5.0037234699242585,
        "pass": "Pass"
    },
    "SLIPPAGE_0_5_PIP": {
        "PF": 2.563050251766121,
        "expectancy": 0.3075644746831613,
        "DD": 1.389836796784528,
        "winrate": 50.0,
        "total_R": 4.305902645564258,
        "pass": "Pass"
    },
    "SLIPPAGE_1_0_PIP": {
        "PF": 1.968713559780744,
        "expectancy": 0.22449056702125642,
        "DD": 1.5463611184984807,
        "winrate": 50.0,
        "total_R": 3.1428679382975897,
        "pass": "Pass"
    },
    "COMMISSION_0_05R": {
        "PF": 2.7928476498190413,
        "expectancy": 0.34063838234506616,
        "DD": 1.3833124750705754,
        "winrate": 57.14285714285714,
        "total_R": 4.7689373528309265,
        "pass": "Pass"
    },
    "COMMISSION_0_10R": {
        "PF": 2.3722107476128973,
        "expectancy": 0.2906383823450661,
        "DD": 1.5333124750705758,
        "winrate": 50.0,
        "total_R": 4.068937352830925,
        "pass": "Pass"
    },
    "COMMISSION_0_20R": {
        "PF": 1.7281748748504715,
        "expectancy": 0.1906383823450661,
        "DD": 1.8333124750705758,
        "winrate": 50.0,
        "total_R": 2.6689373528309255,
        "pass": "Pass"
    },
    "ADVERSE_COMBINED": {
        "PF": 1.4471808541561761,
        "expectancy": 0.133272199878574,
        "DD": 2.06763777153271,
        "winrate": 50.0,
        "total_R": 1.865810798300036,
        "pass": "Pass"
    },
    "ULTRA_ADVERSE": {
        "PF": 0.8699682310588456,
        "expectancy": -0.04980170778333085,
        "DD": 2.8862434329595525,
        "winrate": 50.0,
        "total_R": -0.6972239089666319,
        "pass": "Fail"
    }
}