pair,trades,wins,losses,win_rate_pct,profit_factor,net_pnl_usd,avg_r_multiple
EURUSD,254,116,138,45.66929133858268,0.4219222378217037,-40147.943264905436,-0.48175852723716317
