{
  "portfolio_summary": {
    "initial_capital": 100000.0,
    "final_equity": -152681.21047870937,
    "total_return_pct": -252.68121047870937,
    "max_drawdown_pct": 253.09731546670048,
    "sharpe_ratio": 0.580568448205742,
    "profit_factor": 0.3651131311958718,
    "total_trades": 561,
    "wins": 242,
    "losses": 319,
    "break_even_trades": 0,
    "win_rate_pct": 43.13725490196079,
    "trades_per_month": 11.6875,
    "trades_per_active_month": 11.6875,
    "calendar_months": 48,
    "active_months": 48,
    "profit_month_ratio": 0.0,
    "profit_calendar_month_ratio": 0.0,
    "avg_monthly_net_pnl_usd": -5264.191884973109,
    "avg_calendar_monthly_net_pnl_usd": -5264.191884973109,
    "expectancy_usd": -450.4121398907473,
    "avg_trade_minutes": 4.83065953654189,
    "median_trade_minutes": 0.0,
    "max_consecutive_wins": 6,
    "max_consecutive_losses": 12
  }
}