pair,year,trades,wins,losses,net_pnl_usd,profit_factor
USDCAD,2020,13,9,4,325.2499253145422,1.1408812722164632
USDCAD,2021,19,10,9,-2576.6049548673745,0.6220589003488924
