pair,trades,wins,losses,win_rate_pct,profit_factor,net_pnl_usd,avg_r_multiple
EURUSD,9,8,1,88.88888888888889,9.452006614119544,3152.29674733453,0.3713175917047533
