{
  "total_trades": 23,
  "win_rate": 39.130434782608695,
  "profit_factor": 0.24451383986764938,
  "expectancy": -416.69273644265473,
  "expectancy_r": -0.41669273644265475,
  "max_drawdown": 10.920594073389701,
  "return_total": -9.583932938181071,
  "avg_trades_per_month": 0.4791666666666667,
  "negative_months": 12,
  "negative_years": 4
}