pair,trades,wins,losses,win_rate_pct,profit_factor,net_pnl_usd,avg_r_multiple
USDCHF,205,64,141,31.21951219512195,0.742478090732639,-28086.48011258422,-0.24089584948328313
