{
  "total_trades": 18,
  "win_rate": 50.0,
  "profit_factor": 0.24567821198728337,
  "expectancy": -271.2482814598571,
  "expectancy_r": -0.271248281459857,
  "max_drawdown": 4.909406484906867,
  "return_total": -4.882469066277451,
  "avg_trades_per_month": 0.75,
  "negative_months": 7,
  "negative_years": 2
}