pair,trades,wins,losses,win_rate_pct,profit_factor,net_pnl_usd,avg_r_multiple
AUDUSD,23,13,10,56.52173913043478,0.4041674023781826,-3845.5222773929004,-0.2212539189000645
