pair,year,trades,wins,losses,net_pnl_usd,profit_factor
AUDUSD,2020,10,6,4,-2209.414182169031,0.3477020280978136
AUDUSD,2021,13,7,6,-1636.1080952238688,0.4665283456026562
