pair,year,trades,wins,losses,net_pnl_usd,profit_factor
USDJPY,2020,5,2,3,-1444.7196467188414,0.1593929078456714
USDJPY,2021,6,3,3,-1215.8457079089799,0.22571761923562775
