{
  "total_trades": 39,
  "win_rate": 38.46153846153847,
  "profit_factor": 0.23156294967591914,
  "expectancy": -400.8518609046865,
  "expectancy_r": -0.4008518609046866,
  "max_drawdown": 15.633222575282765,
  "return_total": -15.633222575282769,
  "avg_trades_per_month": 0.8125,
  "negative_months": 19,
  "negative_years": 4
}