pair,trades,wins,losses,win_rate_pct,profit_factor,net_pnl_usd,avg_r_multiple
USDJPY,61,12,49,19.672131147540984,0.25397082406047017,-19359.32319297429,-0.7730085222046439
