pair,year,trades,wins,losses,net_pnl_usd,profit_factor
USDJPY,2016,1,1,0,331.93544712587186,inf
USDJPY,2018,1,1,0,379.9931136375228,inf
USDJPY,2019,1,0,1,-569.6493891405246,0.0
USDJPY,2020,2,0,2,-615.4720001685233,0.0
USDJPY,2021,2,1,1,-321.52021045778986,0.18305588996575206
