pair,month,trades,wins,losses,win_rate,total_pnl_r,total_pnl_usd,avg_pnl_r,max_drawdown_pct,profit_factor
EURUSD,2020-02,1,0,1,0.0,-1.1735874607250703,-1173.5874607250703,-1.1735874607250703,0.0,0.0
EURUSD,2020-03,1,1,0,100.0,0.39825090879804553,398.25090879804554,0.39825090879804553,0.0,inf
EURUSD,2020-08,1,1,0,100.0,0.686810237372405,686.810237372405,0.686810237372405,0.0,inf
EURUSD,2020-11,1,0,1,0.0,-0.06163290543961131,-61.63290543961131,-0.06163290543961131,0.0,0.0
EURUSD,2020-12,3,2,1,66.66666666666666,-0.9668689805031057,-966.8689805031056,-0.3222896601677019,1.1228753664035411,0.14029116176603254
EURUSD,2021-05,1,0,1,0.0,-0.11111285782408499,-111.11285782408498,-0.11111285782408499,0.0,0.0
EURUSD,2021-06,1,0,1,0.0,-1.1016125591945094,-1101.6125591945095,-1.1016125591945094,0.0,0.0
EURUSD,2021-09,1,0,1,0.0,-1.1239759946868029,-1123.9759946868028,-1.1239759946868029,0.0,0.0
EURUSD,2021-11,1,0,1,0.0,-0.0009004505139184147,-0.9004505139184147,-0.0009004505139184147,0.0,0.0
