{
  "total_trades": 25,
  "win_rate": 44.0,
  "profit_factor": 0.19645005394859225,
  "expectancy": -390.23610324452216,
  "expectancy_r": -0.39023610324452224,
  "max_drawdown": 9.7828399997425,
  "return_total": -9.755902581113086,
  "avg_trades_per_month": 1.0416666666666667,
  "negative_months": 8,
  "negative_years": 2
}