pair,year,trades,wins,losses,net_pnl_usd,profit_factor
USDJPY,2020,2,1,1,-479.93111173246433,0.04406437384959805
USDJPY,2021,2,2,0,142.23960941870354,inf
