pair,trades,wins,losses,win_rate_pct,profit_factor,net_pnl_usd,avg_r_multiple
USDJPY,18,4,14,22.22222222222222,0.12341357387707468,-8852.666235646831,-0.7758680899289624
