pair,year,trades,wins,losses,net_pnl_usd,profit_factor
USDCAD,2022,1,0,1,-938.0264593131412,0.0
USDCAD,2023,2,1,1,772.4360163852245,6.567513509407914
