{
  "portfolio_summary": {
    "initial_capital": 100000.0,
    "final_equity": -214907.94223083134,
    "total_return_pct": -314.90794223083134,
    "max_drawdown_pct": 314.6997746364368,
    "sharpe_ratio": 0.07807462050739081,
    "profit_factor": 0.17813726141535888,
    "total_trades": 500,
    "wins": 202,
    "losses": 298,
    "break_even_trades": 0,
    "win_rate_pct": 40.400000000000006,
    "trades_per_month": 20.833333333333332,
    "trades_per_active_month": 20.833333333333332,
    "calendar_months": 24,
    "active_months": 24,
    "profit_month_ratio": 0.0,
    "profit_calendar_month_ratio": 0.0,
    "avg_monthly_net_pnl_usd": -13121.164259617968,
    "avg_calendar_monthly_net_pnl_usd": -13121.164259617968,
    "expectancy_usd": -629.8158844616626,
    "avg_trade_minutes": 2.02,
    "median_trade_minutes": 0.0,
    "max_consecutive_wins": 6,
    "max_consecutive_losses": 15
  }
}