{
  "total_trades": 2,
  "win_rate": 50.0,
  "profit_factor": 0.3497550574637802,
  "expectancy": -417.6280710687489,
  "expectancy_r": -0.4176280710687489,
  "max_drawdown": 1.278780229345714,
  "return_total": -0.8352561421374971,
  "avg_trades_per_month": 0.08333333333333333,
  "negative_months": 1,
  "negative_years": 1
}