pair,trades,wins,losses,win_rate_pct,profit_factor,net_pnl_usd,avg_r_multiple
USDJPY,14,8,6,57.14285714285714,0.3465654860024476,-1661.0624882577724,-0.5320098693352205
