{
  "total_trades": 32,
  "win_rate": 50.0,
  "profit_factor": 0.4817212242325831,
  "expectancy": -239.1094506460614,
  "expectancy_r": -0.23910945064606137,
  "max_drawdown": 8.310890721551434,
  "return_total": -7.651502420674006,
  "avg_trades_per_month": 0.6666666666666666,
  "negative_months": 13,
  "negative_years": 3
}