{
  "unprotected": {
    "scenario": "unprotected",
    "final_equity": 101173.3752937798,
    "total_return_pct": 1.173375293779788,
    "max_drawdown_pct": 1.2791659473902877,
    "sharpe_ratio": 0.3114093490998616,
    "profit_factor": 1.2836842448772523,
    "total_trades": 21,
    "wins": 14,
    "losses": 7,
    "win_rate_pct": 66.66666666666666,
    "trades_per_month": 1.4,
    "robustness_score": 2.0180125148988233,
    "news_events_count": 0
  },
  "calendar_only": {
    "scenario": "calendar_only",
    "final_equity": 101495.75925281638,
    "total_return_pct": 1.4957592528163755,
    "max_drawdown_pct": 0.9823257716823349,
    "sharpe_ratio": 0.4140770143845099,
    "profit_factor": 1.4582110134121193,
    "total_trades": 17,
    "wins": 12,
    "losses": 5,
    "win_rate_pct": 70.58823529411765,
    "trades_per_month": 1.3076923076923077,
    "robustness_score": 2.6304894034519206,
    "news_events_count": 1232
  },
  "layered_guard": {
    "scenario": "layered_guard",
    "final_equity": 101303.43701764426,
    "total_return_pct": 1.30343701764426,
    "max_drawdown_pct": 1.0502693084017027,
    "sharpe_ratio": 0.36330063950902025,
    "profit_factor": 1.3996866247605562,
    "total_trades": 16,
    "wins": 11,
    "losses": 5,
    "win_rate_pct": 68.75,
    "trades_per_month": 1.3333333333333333,
    "robustness_score": 2.391217988024625,
    "news_events_count": 1232
  }
}