{
  "total_trades": 492,
  "win_rate": 47.764227642276424,
  "profit_factor": 0.7440282472944516,
  "expectancy": -145.57718657295138,
  "expectancy_r": -0.1455771865729514,
  "max_drawdown": 77.62903139957635,
  "return_total": -71.62397579389204,
  "avg_trades_per_month": 10.25,
  "negative_months": 31,
  "negative_years": 4
}