{
  "portfolio_summary": {
    "initial_capital": 100000.0,
    "final_equity": -1021353.848714399,
    "total_return_pct": -1121.353848714399,
    "max_drawdown_pct": 1115.5275071196604,
    "sharpe_ratio": -0.6140277480938686,
    "profit_factor": 0.37351309129992877,
    "total_trades": 2598,
    "wins": 1142,
    "losses": 1456,
    "break_even_trades": 0,
    "win_rate_pct": 43.95688991531947,
    "trades_per_month": 108.25,
    "trades_per_active_month": 108.25,
    "calendar_months": 24,
    "active_months": 24,
    "profit_month_ratio": 0.0,
    "profit_calendar_month_ratio": 0.0,
    "avg_monthly_net_pnl_usd": -46723.07702976663,
    "avg_calendar_monthly_net_pnl_usd": -46723.07702976663,
    "expectancy_usd": -431.6219587045416,
    "avg_trade_minutes": 8.995381062355658,
    "median_trade_minutes": 5.0,
    "max_consecutive_wins": 8,
    "max_consecutive_losses": 12
  }
}