pair,trades,wins,losses,win_rate_pct,profit_factor,net_pnl_usd,avg_r_multiple
USDJPY,7,4,3,57.14285714285714,0.23617971022632953,-1341.3365461794474,-0.42912251271379837
