pair,year,trades,wins,losses,net_pnl_usd,profit_factor
USDJPY,2020,10,6,4,-622.285219953254,0.7312958564931379
USDJPY,2021,11,8,3,1795.660513733005,1.9864495338771038
