{
  "total_trades": 26,
  "win_rate": 50.0,
  "profit_factor": 0.3974857614643487,
  "expectancy": -248.0198123135248,
  "expectancy_r": -0.24801981231352482,
  "max_drawdown": 7.264810156645867,
  "return_total": -6.448515120151644,
  "avg_trades_per_month": 0.5416666666666666,
  "negative_months": 13,
  "negative_years": 4
}