pair,month,trades,wins,losses,net_pnl_usd,profit_factor
USDJPY,2025-01,1,1,0,231.96789517252307,inf
USDJPY,2025-04,1,1,0,246.48908535315826,inf
USDJPY,2025-05,1,1,0,116.63652111499118,inf
