pair,trades,wins,losses,win_rate_pct,profit_factor,net_pnl_usd,avg_r_multiple
USDCHF,226,96,130,42.47787610619469,0.3251638390814481,-47495.55048220424,-0.584563689040331
