pair,year,trades,wins,losses,net_pnl_usd,profit_factor
USDJPY,2020,8,5,3,-238.8763731070436,0.8629631374948219
USDJPY,2021,8,6,2,1542.3133907512863,2.01602119794277
