{
  "portfolio_summary": {
    "initial_capital": 100000.0,
    "final_equity": -259036.00279539337,
    "total_return_pct": -359.03600279539336,
    "max_drawdown_pct": 357.86293784185904,
    "sharpe_ratio": -0.4666628926798321,
    "profit_factor": 0.230607499926004,
    "total_trades": 558,
    "wins": 193,
    "losses": 365,
    "break_even_trades": 0,
    "win_rate_pct": 34.587813620071685,
    "trades_per_month": 23.25,
    "trades_per_active_month": 23.25,
    "calendar_months": 24,
    "active_months": 24,
    "profit_month_ratio": 0.0,
    "profit_calendar_month_ratio": 0.0,
    "avg_monthly_net_pnl_usd": -14959.833449808057,
    "avg_calendar_monthly_net_pnl_usd": -14959.833449808057,
    "expectancy_usd": -643.433696765938,
    "avg_trade_minutes": 4.767025089605735,
    "median_trade_minutes": 0.0,
    "max_consecutive_wins": 5,
    "max_consecutive_losses": 18
  }
}