pair,trades,wins,losses,win_rate_pct,profit_factor,net_pnl_usd,avg_r_multiple
USDJPY,7,5,2,71.42857142857143,1.0048165947586327,4.841541722627824,-0.15719979533296094
