pair,year,trades,wins,losses,net_pnl_usd,profit_factor
USDJPY,2016,1,1,0,397.3165872465669,inf
USDJPY,2018,1,1,0,447.77532822358296,inf
USDJPY,2019,1,0,1,-501.3683915342129,0.0
USDJPY,2020,2,1,1,-481.62193196665135,0.04404241850637449
USDJPY,2021,2,2,0,142.73994975334222,inf
