pair,month,trades,wins,losses,win_rate,total_pnl_r,total_pnl_usd,avg_pnl_r,max_drawdown_pct,profit_factor
EURUSD,2020-12,3,1,2,33.33333333333333,-2.1740959064599656,-2174.0959064599656,-0.7246986354866553,2.230084237213322,0.02566388386105246
EURUSD,2021-05,1,0,1,0.0,-1.1659486260873848,-1165.9486260873848,-1.1659486260873848,0.0,0.0
EURUSD,2021-07,1,1,0,100.0,0.7314629133829987,731.4629133829987,0.7314629133829987,0.0,inf
EURUSD,2021-11,1,1,0,100.0,0.2581416748175145,258.1416748175145,0.2581416748175145,0.0,inf
