{
  "total_trades": 39,
  "win_rate": 33.33333333333333,
  "profit_factor": 0.12439668432454237,
  "expectancy": -574.264330094983,
  "expectancy_r": -0.5742643300949831,
  "max_drawdown": 22.91316394641794,
  "return_total": -22.396308873704342,
  "avg_trades_per_month": 1.625,
  "negative_months": 17,
  "negative_years": 2
}