{
  "total_trades": 62,
  "win_rate": 43.54838709677419,
  "profit_factor": 0.37535579009328046,
  "expectancy": -319.3034552245833,
  "expectancy_r": -0.31930345522458325,
  "max_drawdown": 20.28653118187014,
  "return_total": -19.796814223924176,
  "avg_trades_per_month": 2.5833333333333335,
  "negative_months": 15,
  "negative_years": 2
}