{
    "sample": 19,
    "auditables": 19,
    "no_auditables": 0,
    "pf": 2.3333333333333335,
    "expectancy": 0.42105263157894735,
    "drawdown": 3.0,
    "winrate": 0.5263157894736842,
    "total_r": 8.0,
    "tp_count": 10,
    "be_count": 3,
    "sl_count": 6,
    "time_exit_count": 0,
    "ambiguous_count": 0,
    "max_losing_streak": 0
}