{
    "extra_cost_01R": 2.148599999999999,
    "extra_cost_02R": 0.5485999999999991,
    "non_auditables_as_SL": 3.7485999999999993,
    "adverse_combined": 0.5485999999999991
}