{
    "extra_cost_01R": -0.8857000000000006,
    "extra_cost_02R": -2.7857000000000007,
    "non_auditables_as_SL": 1.0142999999999995,
    "adverse_combined": -2.7857000000000007
}