{
    "sample": 16,
    "pf_bar": 0.8399999999999999,
    "expectancy_bar": -0.05000000000000002,
    "total_r_bar": -0.8000000000000003,
    "outcomes": {
        "BE": 8,
        "SL": 5,
        "TP": 3
    },
    "time_exit_count": 0
}