{
    "extra_cost_01R": 6.1,
    "extra_cost_02R": 4.199999999999999,
    "non_auditables_as_SL": 8.0,
    "adverse_combined": 4.199999999999999
}