pair,trades,wins,losses,win_rate_pct,profit_factor,net_pnl_usd,avg_r_multiple
USDJPY,29,15,14,51.724137931034484,0.4234887869585072,-5223.001361789364,-0.3671031172928554
