pair,year,trades,wins,losses,net_pnl_usd,profit_factor
EURUSD,2020,2,1,1,143.09021675541985,2.4813258322926295
EURUSD,2021,2,1,1,45.52071397860337,1.2225431555161281
