pair,month,trades,wins,losses,win_rate,total_pnl_r,total_pnl_usd,avg_pnl_r,max_drawdown_pct,profit_factor
EURUSD,2020-03,1,1,0,100.0,0.37336042432073957,373.3604243207396,0.37336042432073957,0.0,inf
EURUSD,2020-08,2,2,0,100.0,1.0169284179886042,1016.9284179886041,0.5084642089943021,0.0,inf
EURUSD,2020-11,2,1,1,50.0,0.5964914573379416,596.4914573379416,0.2982457286689708,0.0,11.323341270435442
EURUSD,2021-03,1,1,0,100.0,0.6323377536364372,632.3377536364371,0.6323377536364372,0.0,inf
EURUSD,2021-05,1,0,1,0.0,-0.10416831301044568,-104.16831301044569,-0.10416831301044568,0.0,0.0
EURUSD,2021-08,1,1,0,100.0,0.5830582156930837,583.0582156930836,0.5830582156930837,0.0,inf
