{
  "total_trades": 8,
  "win_rate": 75.0,
  "profit_factor": 20.12950863162935,
  "expectancy": 387.25099449579506,
  "expectancy_r": 0.38725099449579503,
  "max_drawdown": 0.10150965530259391,
  "return_total": 3.098007955966353,
  "avg_trades_per_month": 0.3333333333333333,
  "negative_months": 1,
  "negative_years": 0
}