level_name,count,sum,mean
asia_h,15,9.1033,0.6068866666666667
asia_l,14,10.0306,0.7164714285714285
london_h,15,11.7483,0.78322
london_l,20,20.8296,1.04148
pdh,10,3.7146,0.37146
pdl,15,-0.9469999999999998,-0.06313333333333332
