month,count,sum,mean
2026-01,24,12.1927,0.5080291666666666
2026-02,22,11.9791,0.5445045454545455
2026-03,25,19.2873,0.771492
2026-04,18,11.0203,0.6122388888888889
