{
  "total_trades": 79,
  "win_rate": 49.36708860759494,
  "profit_factor": 0.2898755373774661,
  "expectancy": -318.3858902552317,
  "expectancy_r": -0.3183858902552317,
  "max_drawdown": 25.524345945801898,
  "return_total": -25.152485330163323,
  "avg_trades_per_month": 3.2916666666666665,
  "negative_months": 18,
  "negative_years": 2
}