pair,year,trades,wins,losses,net_pnl_usd,profit_factor
USDJPY,2022,2,1,1,-453.12534475339663,0.519716251362179
USDJPY,2025,5,2,3,-2015.5375804448313,0.2535846193739405
