pair,year,trades,wins,losses,net_pnl_usd,profit_factor
USDJPY,2020,5,3,2,-324.04840179284844,0.6516293189413392
USDJPY,2021,9,5,4,-1337.014086464924,0.17051791535537192
