{
  "portfolio_summary": {
    "initial_capital": 100000.0,
    "final_equity": -350089.74239706126,
    "total_return_pct": -450.08974239706123,
    "max_drawdown_pct": 450.63583233823687,
    "sharpe_ratio": 0.32496690266990597,
    "profit_factor": 0.3943254121154462,
    "total_trades": 1087,
    "wins": 472,
    "losses": 615,
    "break_even_trades": 0,
    "win_rate_pct": 43.42226310947562,
    "trades_per_month": 22.645833333333332,
    "trades_per_active_month": 22.645833333333332,
    "calendar_months": 48,
    "active_months": 48,
    "profit_month_ratio": 0.0,
    "profit_calendar_month_ratio": 0.0,
    "avg_monthly_net_pnl_usd": -9376.869633272108,
    "avg_calendar_monthly_net_pnl_usd": -9376.869633272108,
    "expectancy_usd": -414.0660003652817,
    "avg_trade_minutes": 7.2171113155473785,
    "median_trade_minutes": 5.0,
    "max_consecutive_wins": 7,
    "max_consecutive_losses": 9
  }
}