{
  "total_trades": 158,
  "win_rate": 47.46835443037975,
  "profit_factor": 0.4399169708930983,
  "expectancy": -260.80905326628664,
  "expectancy_r": -0.2608090532662867,
  "max_drawdown": 42.74132329001234,
  "return_total": -41.20783041607328,
  "avg_trades_per_month": 6.583333333333333,
  "negative_months": 18,
  "negative_years": 2
}