pair,trades,wins,losses,win_rate_pct,profit_factor,net_pnl_usd,avg_r_multiple
EURUSD,18,10,8,55.55555555555556,0.40700374105982634,-3670.7718198331213,-0.25226683060401484
