{
  "total_trades": 139,
  "win_rate": 42.44604316546763,
  "profit_factor": 0.5980505989711632,
  "expectancy": -249.20233982943046,
  "expectancy_r": -0.2492023398294305,
  "max_drawdown": 40.338471496758224,
  "return_total": -34.639125236290894,
  "avg_trades_per_month": 5.791666666666667,
  "negative_months": 17,
  "negative_years": 2
}