pair,year,trades,wins,losses,net_pnl_usd,profit_factor
USDJPY,2020,18,4,14,-5143.285978057993,0.021028328073726347
USDJPY,2021,44,19,25,-7602.413282555642,0.13894410446821856
