pair,year,trades,wins,losses,net_pnl_usd,profit_factor
USDJPY,2022,1,1,0,476.8164302816265,inf
USDJPY,2025,4,3,1,400.3366707984013,1.7110451478164754
