{
  "portfolio_summary": {
    "initial_capital": 100000.0,
    "final_equity": -92736.41599196814,
    "total_return_pct": -192.73641599196813,
    "max_drawdown_pct": 192.3298937469751,
    "sharpe_ratio": 0.2619630364374397,
    "profit_factor": 0.17126587839098242,
    "total_trades": 302,
    "wins": 121,
    "losses": 181,
    "break_even_trades": 0,
    "win_rate_pct": 40.06622516556291,
    "trades_per_month": 12.583333333333334,
    "trades_per_active_month": 12.583333333333334,
    "calendar_months": 24,
    "active_months": 24,
    "profit_month_ratio": 0.0,
    "profit_calendar_month_ratio": 0.0,
    "avg_monthly_net_pnl_usd": -8030.683999665336,
    "avg_calendar_monthly_net_pnl_usd": -8030.683999665336,
    "expectancy_usd": -638.2000529535367,
    "avg_trade_minutes": 2.052980132450331,
    "median_trade_minutes": 0.0,
    "max_consecutive_wins": 5,
    "max_consecutive_losses": 9
  }
}