{
  "total_trades": 51,
  "win_rate": 41.17647058823529,
  "profit_factor": 0.22311076939610144,
  "expectancy": -370.1079950527655,
  "expectancy_r": -0.37010799505276537,
  "max_drawdown": 19.381624761743964,
  "return_total": -18.875507747691056,
  "avg_trades_per_month": 2.125,
  "negative_months": 15,
  "negative_years": 2
}