{
  "total_trades": 36,
  "win_rate": 44.44444444444444,
  "profit_factor": 0.5385365651775917,
  "expectancy": -255.9023877947013,
  "expectancy_r": -0.2559023877947013,
  "max_drawdown": 9.861470758878339,
  "return_total": -9.212485960609296,
  "avg_trades_per_month": 0.75,
  "negative_months": 13,
  "negative_years": 4
}