pair,month,trades,wins,losses,win_rate,total_pnl_r,total_pnl_usd,avg_pnl_r,max_drawdown_pct,profit_factor
EURUSD,2023-03,1,1,0,100.0,0.020523779099230182,20.523779099230183,0.020523779099230182,0.0,inf
EURUSD,2025-02,1,1,0,100.0,0.6871530022349925,687.1530022349925,0.6871530022349925,0.0,inf
EURUSD,2025-12,1,1,0,100.0,0.23352550527591473,233.52550527591472,0.23352550527591473,0.0,inf
