{
  "total_trades": 3,
  "win_rate": 100.0,
  "profit_factor": "inf",
  "expectancy": 313.73409553671246,
  "expectancy_r": 0.3137340955367125,
  "max_drawdown": 0.0,
  "return_total": 0.9412022866101433,
  "avg_trades_per_month": 0.0625,
  "negative_months": 0,
  "negative_years": 0
}