pair,month,trades,wins,losses,net_pnl_usd,profit_factor
USDJPY,2020-02,1,1,0,22.122686246767444,inf
USDJPY,2020-05,1,0,1,-502.0537979792318,0.0
USDJPY,2021-08,1,1,0,3.8505220843414634,inf
USDJPY,2021-12,1,1,0,138.38908733436207,inf
