pair,trades,wins,losses,win_rate_pct,profit_factor,net_pnl_usd,avg_r_multiple
EURUSD,52,25,27,48.07692307692308,0.3031227162760162,-13244.820532740363,-0.46786164035535116
