pair,month,trades,wins,losses,win_rate,total_pnl_r,total_pnl_usd,avg_pnl_r,max_drawdown_pct,profit_factor
EURUSD,2020-10,1,0,1,0.0,-1.0703045955892545,-1070.3045955892544,-1.0703045955892545,0.0,0.0
EURUSD,2020-12,3,1,2,33.33333333333333,-2.1526544772370935,-2152.6544772370935,-0.7175514924123645,2.20554561853006,0.02450856282781524
EURUSD,2021-07,1,1,0,100.0,0.740825041724198,740.8250417241981,0.740825041724198,0.0,inf
