{
  "total_trades": 185,
  "win_rate": 39.45945945945946,
  "profit_factor": 0.4806578968672601,
  "expectancy": -362.28516996353244,
  "expectancy_r": -0.3622851699635325,
  "max_drawdown": 67.02275644325351,
  "return_total": -67.02275644325351,
  "avg_trades_per_month": 7.708333333333333,
  "negative_months": 21,
  "negative_years": 2
}