{
  "portfolio_summary": {
    "initial_capital": 100000.0,
    "final_equity": -362780.1350612557,
    "total_return_pct": -462.78013506125575,
    "max_drawdown_pct": 463.2839040337926,
    "sharpe_ratio": -0.13496095370434885,
    "profit_factor": 0.3327146636965611,
    "total_trades": 944,
    "wins": 394,
    "losses": 550,
    "break_even_trades": 0,
    "win_rate_pct": 41.73728813559322,
    "trades_per_month": 19.666666666666668,
    "trades_per_active_month": 19.666666666666668,
    "calendar_months": 48,
    "active_months": 48,
    "profit_month_ratio": 0.020833333333333332,
    "profit_calendar_month_ratio": 0.020833333333333332,
    "avg_monthly_net_pnl_usd": -9641.252813776164,
    "avg_calendar_monthly_net_pnl_usd": -9641.252813776164,
    "expectancy_usd": -490.2331939208219,
    "avg_trade_minutes": 4.825211864406779,
    "median_trade_minutes": 0.0,
    "max_consecutive_wins": 8,
    "max_consecutive_losses": 11
  }
}