level_name,count,sum,mean
asia_h,15,9.1033,0.6068866666666667
asia_l,13,8.5306,0.6562
london_h,12,12.2483,1.0206916666666668
london_l,21,23.9422,1.140104761904762
pdh,13,5.7146,0.43958461538461535
pdl,15,-4.7989,-0.31992666666666664
