weekday,count,sum,mean
Friday,16,12.1339,0.75836875
Monday,21,7.1421,0.3401
Sunday,4,0.11260000000000003,0.02815000000000001
Thursday,16,14.0,0.875
Tuesday,16,13.5318,0.8457375
Wednesday,16,7.8197,0.48873125
