{
  "total_trades": 64,
  "win_rate": 48.4375,
  "profit_factor": 0.5438966439486214,
  "expectancy": -230.22902612118406,
  "expectancy_r": -0.23022902612118404,
  "max_drawdown": 15.786043495625007,
  "return_total": -14.734657671755825,
  "avg_trades_per_month": 1.3333333333333333,
  "negative_months": 18,
  "negative_years": 4
}