pair,trades,wins,losses,win_rate_pct,profit_factor,net_pnl_usd,avg_r_multiple
USDJPY,166,66,100,39.75903614457831,0.20157689154322048,-33420.07353723069,-0.7176058652853455
