pair,year,trades,wins,losses,net_pnl_usd,profit_factor
USDJPY,2020,75,30,45,-16966.767614223547,0.23747269494423426
USDJPY,2021,91,36,55,-16453.305923007145,0.16084087697120758
