pair,trades,wins,losses,win_rate_pct,profit_factor,net_pnl_usd,avg_r_multiple
USDJPY,7,3,4,42.857142857142854,0.3170450617623659,-1260.2996466530687,-0.8291746174768384
