pair,year,trades,wins,losses,win_rate,total_pnl_r,total_pnl_usd,avg_pnl_r,max_drawdown_pct,profit_factor
EURUSD,2020,10,5,5,50.0,-0.9154510086318794,-915.4510086318796,-0.09154510086318794,2.385579913527846,0.7434660483786465
EURUSD,2021,10,4,6,40.0,-1.2896836315696656,-1289.683631569666,-0.12896836315696655,1.902613538642227,0.6546045508542059
