pair,trades,wins,losses,win_rate_pct,profit_factor,net_pnl_usd,avg_r_multiple
EURUSD,3,2,1,66.66666666666666,1.529925269235632,194.66101051263436,-0.27153767514745636
