pair,trades,wins,losses,win_rate_pct,profit_factor,net_pnl_usd,avg_r_multiple
EURUSD,33,19,14,57.57575757575758,0.4813305890817818,-4558.480321014147,-0.2957523325155862
