pair,year,trades,wins,losses,net_pnl_usd,profit_factor
EURUSD,2020,19,9,10,-3609.0891194327137,0.45299200334763456
EURUSD,2021,14,10,4,-949.3912015814341,0.5666709878261383
