{
  "total_trades": 272,
  "win_rate": 44.85294117647059,
  "profit_factor": 0.6149144804841623,
  "expectancy": -237.37816382236298,
  "expectancy_r": -0.23737816382236301,
  "max_drawdown": 66.85592005598696,
  "return_total": -64.56686055968271,
  "avg_trades_per_month": 5.666666666666667,
  "negative_months": 33,
  "negative_years": 4
}