pair,trades,wins,losses,win_rate_pct,profit_factor,net_pnl_usd,avg_r_multiple
USDCAD,12,8,4,66.66666666666666,0.9936071607896949,-21.319407381259566,-0.10540361736627335
