month,count,sum,mean
1,125,85.4779,0.6838232000000001
2,111,84.6625,0.7627252252252251
3,122,69.7123,0.5714122950819672
4,116,69.4527,0.598730172413793
5,127,69.9633,0.550892125984252
6,114,52.4529,0.46011315789473684
7,121,58.2434,0.4813504132231405
8,125,59.6092,0.4768736
9,117,63.9961,0.5469752136752136
10,122,43.4795,0.35638934426229507
11,122,61.4219,0.5034581967213115
12,118,65.4494,0.5546559322033898
