weekday,count,sum,mean
Friday,252,120.8373,0.4795130952380952
Monday,256,137.1586,0.53577578125
Sunday,162,98.5441,0.608296913580247
Thursday,258,145.5616,0.5641922480620155
Tuesday,260,149.8061,0.5761773076923077
Wednesday,252,132.0134,0.5238626984126984
