pair,trades,wins,losses,win_rate_pct,profit_factor,net_pnl_usd,avg_r_multiple
USDJPY,28,17,11,60.71428571428571,0.5588603858728772,-3127.6104538120276,-0.17065756054384967
