{
  "total_trades": 258,
  "win_rate": 41.47286821705426,
  "profit_factor": 0.3855890177876548,
  "expectancy": -325.06139107903005,
  "expectancy_r": -0.32506139107903004,
  "max_drawdown": 84.121008058629,
  "return_total": -83.86583889838973,
  "avg_trades_per_month": 5.375,
  "negative_months": 40,
  "negative_years": 4
}