pair,trades,wins,losses,win_rate_pct,profit_factor,net_pnl_usd,avg_r_multiple
USDCAD,152,49,103,32.23684210526316,0.6313522582865593,-22305.264447282825,-0.3540990458220465
