{
  "total_trades": 58,
  "win_rate": 39.6551724137931,
  "profit_factor": 0.49726097946010384,
  "expectancy": -253.1333131989006,
  "expectancy_r": -0.2531333131989006,
  "max_drawdown": 16.084103148983274,
  "return_total": -14.681732165536154,
  "avg_trades_per_month": 1.2083333333333333,
  "negative_months": 23,
  "negative_years": 4
}