{
  "portfolio_summary": {
    "initial_capital": 100000.0,
    "final_equity": -122886.62873611617,
    "total_return_pct": -222.88662873611617,
    "max_drawdown_pct": 222.6155516090064,
    "sharpe_ratio": -0.09494324941648774,
    "profit_factor": 0.24161468426136468,
    "total_trades": 359,
    "wins": 125,
    "losses": 234,
    "break_even_trades": 0,
    "win_rate_pct": 34.81894150417828,
    "trades_per_month": 14.958333333333334,
    "trades_per_active_month": 14.958333333333334,
    "calendar_months": 24,
    "active_months": 24,
    "profit_month_ratio": 0.0,
    "profit_calendar_month_ratio": 0.0,
    "avg_monthly_net_pnl_usd": -9286.942864004843,
    "avg_calendar_monthly_net_pnl_usd": -9286.942864004843,
    "expectancy_usd": -620.8541190421065,
    "avg_trade_minutes": 4.387186629526463,
    "median_trade_minutes": 0.0,
    "max_consecutive_wins": 4,
    "max_consecutive_losses": 11
  }
}