pair,trades,wins,losses,win_rate_pct,profit_factor,net_pnl_usd,avg_r_multiple
USDCAD,207,102,105,49.275362318840585,0.5129166526775588,-31151.783215166022,-0.37423745940768083
