pair,year,trades,wins,losses,net_pnl_usd,profit_factor
USDCAD,2020,105,53,52,-14126.223246997333,0.5941731863148925
USDCAD,2021,102,49,53,-17025.55996816869,0.415877726778327
