pair,trades,wins,losses,win_rate_pct,profit_factor,net_pnl_usd,avg_r_multiple
USDJPY,63,37,26,58.730158730158735,0.561501439890782,-6795.657653616677,-0.24374125392203985
