pair,year,trades,wins,losses,net_pnl_usd,profit_factor
USDJPY,2020,30,19,11,-1754.7203264489199,0.747887115530125
USDJPY,2021,33,18,15,-5040.937327167757,0.4095535771411658
