{
  "portfolio_summary": {
    "initial_capital": 100000.0,
    "final_equity": -603315.029556132,
    "total_return_pct": -703.315029556132,
    "max_drawdown_pct": 703.8611194973075,
    "sharpe_ratio": -0.11032688245662632,
    "profit_factor": 0.38466502641674116,
    "total_trades": 1658,
    "wins": 714,
    "losses": 944,
    "break_even_trades": 0,
    "win_rate_pct": 43.06393244873342,
    "trades_per_month": 34.541666666666664,
    "trades_per_active_month": 34.541666666666664,
    "calendar_months": 48,
    "active_months": 48,
    "profit_month_ratio": 0.020833333333333332,
    "profit_calendar_month_ratio": 0.020833333333333332,
    "avg_monthly_net_pnl_usd": -14652.396449086073,
    "avg_calendar_monthly_net_pnl_usd": -14652.396449086073,
    "expectancy_usd": -424.1948308541203,
    "avg_trade_minutes": 6.975271411338962,
    "median_trade_minutes": 5.0,
    "max_consecutive_wins": 8,
    "max_consecutive_losses": 10
  }
}