{
  "total_trades": 39,
  "win_rate": 43.58974358974359,
  "profit_factor": 0.26320029043576154,
  "expectancy": -337.39131896806873,
  "expectancy_r": -0.3373913189680687,
  "max_drawdown": 13.459943308349978,
  "return_total": -13.158261439754638,
  "avg_trades_per_month": 1.625,
  "negative_months": 14,
  "negative_years": 2
}