pair,month,trades,wins,losses,win_rate,total_pnl_r,total_pnl_usd,avg_pnl_r,max_drawdown_pct,profit_factor
EURUSD,2020-01,1,1,0,100.0,0.17263242657982614,172.63242657982613,0.17263242657982614,0.0,inf
EURUSD,2020-02,1,0,1,0.0,-1.1446594794453306,-1144.6594794453306,-1.1446594794453306,0.0,0.0
EURUSD,2020-03,1,1,0,100.0,0.3318759008390296,331.8759008390296,0.3318759008390296,0.0,inf
EURUSD,2020-08,4,2,2,50.0,-1.5193629920449125,-1519.3629920449125,-0.37984074801122814,1.1022073175857976,0.30009726991055813
EURUSD,2020-10,2,1,1,50.0,-0.7295597969185506,-729.5597969185504,-0.3647798984592753,0.0,0.31836245501973903
EURUSD,2020-11,3,0,3,0.0,-1.183595796957986,-1183.595796957986,-0.39453193231932865,1.1808940988253904,0.0
EURUSD,2020-12,3,1,2,33.33333333333333,-2.1526544772370935,-2152.6544772370935,-0.7175514924123645,2.20554561853006,0.02450856282781524
EURUSD,2021-02,1,1,0,100.0,0.24328605391077884,243.28605391077883,0.24328605391077884,0.0,inf
EURUSD,2021-03,1,1,0,100.0,0.56207791558453,562.07791558453,0.56207791558453,0.0,inf
EURUSD,2021-05,1,0,1,0.0,-0.09259402471909484,-92.59402471909483,-0.09259402471909484,0.0,0.0
EURUSD,2021-06,4,2,2,50.0,-0.6991458533703174,-699.1458533703174,-0.17478646334257936,2.203840411764446,0.6875673156599197
EURUSD,2021-07,2,1,1,50.0,0.6274021296035805,627.4021296035805,0.3137010648017903,0.0,6.5315290171388085
EURUSD,2021-08,1,0,1,0.0,-1.0534916837874126,-1053.4916837874127,-1.0534916837874126,0.0,0.0
EURUSD,2021-09,3,1,2,33.33333333333333,-2.2009005542048055,-2200.9005542048058,-0.7336335180682685,1.1155606013118065,0.0025138479138601126
EURUSD,2021-10,1,1,0,100.0,0.21083136111203987,210.83136111203987,0.21083136111203987,0.0,inf
EURUSD,2021-11,1,0,1,0.0,-1.1268505235094455,-1126.8505235094456,-1.1268505235094455,0.0,0.0
