pair,trades,wins,losses,win_rate_pct,profit_factor,net_pnl_usd,avg_r_multiple
USDCAD,7,3,4,42.857142857142854,0.4307783351364027,-1549.159785904449,-0.2968774277467623
