pair,trades,wins,losses,win_rate_pct,profit_factor,net_pnl_usd,avg_r_multiple
USDCHF,3,1,2,33.33333333333333,0.06325834658448251,-1107.1660991168796,-0.873412534950194
