{
  "total_trades": 95,
  "win_rate": 43.15789473684211,
  "profit_factor": 0.47417662328958116,
  "expectancy": -268.56262361996767,
  "expectancy_r": -0.2685626236199677,
  "max_drawdown": 26.608748382485075,
  "return_total": -25.51344924389687,
  "avg_trades_per_month": 1.9791666666666667,
  "negative_months": 31,
  "negative_years": 4
}