pair,trades,wins,losses,win_rate_pct,profit_factor,net_pnl_usd,avg_r_multiple
USDJPY,17,7,10,41.17647058823529,0.26732164603907943,-5117.955086000347,-0.44791049592533533
