{
  "portfolio_summary": {
    "initial_capital": 100000.0,
    "final_equity": -652533.2544051056,
    "total_return_pct": -752.5332544051056,
    "max_drawdown_pct": 748.7300936815586,
    "sharpe_ratio": 0.6529847882806078,
    "profit_factor": 0.3774722084428323,
    "total_trades": 1757,
    "wins": 764,
    "losses": 993,
    "break_even_trades": 0,
    "win_rate_pct": 43.483210017074555,
    "trades_per_month": 73.20833333333333,
    "trades_per_active_month": 73.20833333333333,
    "calendar_months": 24,
    "active_months": 24,
    "profit_month_ratio": 0.0,
    "profit_calendar_month_ratio": 0.0,
    "avg_monthly_net_pnl_usd": -31355.55226687943,
    "avg_calendar_monthly_net_pnl_usd": -31355.55226687943,
    "expectancy_usd": -428.3057793996052,
    "avg_trade_minutes": 10.341491178144565,
    "median_trade_minutes": 5.0,
    "max_consecutive_wins": 7,
    "max_consecutive_losses": 10
  }
}