{
  "total_trades": 46,
  "win_rate": 47.82608695652174,
  "profit_factor": 0.5949289680315989,
  "expectancy": -103.09931573699043,
  "expectancy_r": -0.10309931573699041,
  "max_drawdown": 6.259377761278069,
  "return_total": -4.742568523901514,
  "avg_trades_per_month": 0.9583333333333334,
  "negative_months": 16,
  "negative_years": 2
}