{
  "total_trades": 18,
  "win_rate": 27.77777777777778,
  "profit_factor": 0.15993749643669186,
  "expectancy": -431.93118583619713,
  "expectancy_r": -0.4319311858361971,
  "max_drawdown": 8.032903019869075,
  "return_total": -7.774761345051562,
  "avg_trades_per_month": 0.75,
  "negative_months": 9,
  "negative_years": 2
}