pair,month,trades,wins,losses,win_rate,total_pnl_r,total_pnl_usd,avg_pnl_r,max_drawdown_pct,profit_factor
EURUSD,2020-05,1,0,1,0.0,-1.4008732392046086,-1400.8732392046086,-1.4008732392046086,0.0,0.0
EURUSD,2020-06,1,0,1,0.0,-1.1784934149014252,-1178.4934149014252,-1.1784934149014252,0.0,0.0
EURUSD,2020-10,1,0,1,0.0,-1.2702663881405174,-1270.2663881405174,-1.2702663881405174,0.0,0.0
EURUSD,2020-11,1,1,0,100.0,0.21763347207794556,217.63347207794556,0.21763347207794556,0.0,inf
EURUSD,2020-12,1,1,0,100.0,0.1993619495493401,199.36194954934012,0.1993619495493401,0.0,inf
EURUSD,2021-01,3,1,2,33.33333333333333,-1.4105800523101768,-1410.5800523101768,-0.4701933507700589,0.18170931075121444,0.06240769748865624
EURUSD,2021-06,2,0,2,0.0,-1.605091010766639,-1605.0910107666389,-0.8025455053833195,1.3234284041734459,0.0
EURUSD,2021-08,2,1,1,50.0,-0.7699606294005036,-769.9606294005036,-0.3849803147002518,0.0,0.39086118135498227
EURUSD,2021-11,1,0,1,0.0,-1.3248776343845652,-1324.8776343845652,-1.3248776343845652,0.0,0.0
