pair,trades,wins,losses,win_rate_pct,profit_factor,net_pnl_usd,avg_r_multiple
EURUSD,75,22,53,29.333333333333332,0.5930361220955593,-13359.869431638741,-0.464746996105859
