pair,year,trades,wins,losses,net_pnl_usd,profit_factor
EURUSD,2020,40,14,26,-3067.322039178154,0.8250101536778308
EURUSD,2021,35,8,27,-10292.547392460589,0.3272657553093068
