{
  "portfolio_summary": {
    "initial_capital": 100000.0,
    "final_equity": -422129.96607336495,
    "total_return_pct": -522.1299660733649,
    "max_drawdown_pct": 517.582080749599,
    "sharpe_ratio": 0.22626848797331792,
    "profit_factor": 0.27956687219205967,
    "total_trades": 932,
    "wins": 345,
    "losses": 587,
    "break_even_trades": 0,
    "win_rate_pct": 37.01716738197425,
    "trades_per_month": 38.833333333333336,
    "trades_per_active_month": 38.833333333333336,
    "calendar_months": 24,
    "active_months": 24,
    "profit_month_ratio": 0.0,
    "profit_calendar_month_ratio": 0.0,
    "avg_monthly_net_pnl_usd": -21755.415253056857,
    "avg_calendar_monthly_net_pnl_usd": -21755.415253056857,
    "expectancy_usd": -560.2252854864427,
    "avg_trade_minutes": 6.781115879828326,
    "median_trade_minutes": 5.0,
    "max_consecutive_wins": 5,
    "max_consecutive_losses": 19
  }
}