scenario_name,stage,final_equity,total_return_pct,max_drawdown_pct,sharpe_ratio,profit_factor,total_trades,wins,losses,win_rate_pct,trades_per_month,robustness_score,commission_rate,slippage_pips,spread_model,shock_guard_enabled
baseline_no_shock,design,100470.47795386497,0.47047795386496727,0.9748098722681656,0.1664514562922365,1.4658540882336104,8,6,2,75.0,1.0,2.3818306090277637,2e-05,0.2,True,False
baseline_no_shock,oos,100959.05986266251,0.9590598626625146,0.2932470422366721,0.7658745507507694,inf,3,3,0,100.0,1.0,17.775975924293224,2e-05,0.2,True,False
extreme_costs_layered,design,98739.70035334691,-1.2602996466530847,1.8347427256428155,-0.42182204101101345,0.3170450617623659,7,3,4,42.857142857142854,1.0,0.307409176466074,4e-05,0.5,True,True
extreme_costs_layered,oos,100595.09350164067,0.5950935016406644,0.4148981196744778,0.7466498289018296,inf,3,3,0,100.0,1.0,17.49784206757843,4e-05,0.5,True,True
high_costs_layered,design,99205.28696099656,-0.7947130390034474,1.5675262349094272,-0.28187720071330874,0.4965983809315916,7,3,4,42.857142857142854,1.0,0.4850485850245317,3e-05,0.35,True,True
high_costs_layered,oos,100776.83849892956,0.7768384989295551,0.3540052575897109,0.7594273701247437,inf,3,3,0,100.0,1.0,17.668405707827777,3e-05,0.35,True,True
production_layered,design,100004.84154172259,0.004841541722599985,0.9747527666738998,0.0036113421700793634,1.0048165947586327,7,5,2,71.42857142857143,1.0,1.3697262545491622,2e-05,0.2,True,True
production_layered,oos,100959.05986266251,0.9590598626625146,0.2932470422366721,0.7658745507507694,inf,3,3,0,100.0,1.0,17.775975924293224,2e-05,0.2,True,True
