pair,trades,wins,losses,win_rate_pct,profit_factor,net_pnl_usd,avg_r_multiple
EURUSD,43,26,17,60.46511627906976,0.44141209230760714,-5669.931495687532,-0.3400167552110293
