{
  "total_trades": 34,
  "win_rate": 47.05882352941176,
  "profit_factor": 0.3259398058078268,
  "expectancy": -296.62209090292305,
  "expectancy_r": -0.296622090902923,
  "max_drawdown": 11.902608670635892,
  "return_total": -10.085151090699396,
  "avg_trades_per_month": 0.7083333333333334,
  "negative_months": 15,
  "negative_years": 4
}