pair,trades,wins,losses,win_rate_pct,profit_factor,net_pnl_usd,avg_r_multiple
USDJPY,11,5,6,45.45454545454545,0.191059203685688,-2660.5653546278218,-0.6088112333799406
