{
  "total_trades": 15,
  "win_rate": 40.0,
  "profit_factor": 0.21466204877391054,
  "expectancy": -484.1379518928441,
  "expectancy_r": -0.4841379518928442,
  "max_drawdown": 7.926502325754581,
  "return_total": -7.2620692783926355,
  "avg_trades_per_month": 0.3125,
  "negative_months": 9,
  "negative_years": 3
}