{
  "total_trades": 78,
  "win_rate": 39.743589743589745,
  "profit_factor": 0.25335302522715974,
  "expectancy": -362.2468992033789,
  "expectancy_r": -0.36224689920337894,
  "max_drawdown": 28.833192946655135,
  "return_total": -28.25525813786357,
  "avg_trades_per_month": 1.625,
  "negative_months": 27,
  "negative_years": 4
}