pair,month,trades,wins,losses,net_pnl_usd,profit_factor
USDJPY,2025-01,1,1,0,291.06194610263185,inf
USDJPY,2025-04,1,1,0,307.77890933994485,inf
USDJPY,2025-05,1,1,0,177.99764348697238,inf
