{
  "total_trades": 13,
  "win_rate": 30.76923076923077,
  "profit_factor": 0.13879290789400064,
  "expectancy": -443.2737208818216,
  "expectancy_r": -0.4432737208818215,
  "max_drawdown": 5.762558371463703,
  "return_total": -5.762558371463699,
  "avg_trades_per_month": 0.5416666666666666,
  "negative_months": 7,
  "negative_years": 2
}