{
  "portfolio_summary": {
    "initial_capital": 100000.0,
    "final_equity": -413877.489907313,
    "total_return_pct": -513.877489907313,
    "max_drawdown_pct": 511.75256752332825,
    "sharpe_ratio": -0.3581290758727116,
    "profit_factor": 0.3052226067313251,
    "total_trades": 989,
    "wins": 398,
    "losses": 591,
    "break_even_trades": 0,
    "win_rate_pct": 40.24266936299292,
    "trades_per_month": 41.208333333333336,
    "trades_per_active_month": 41.208333333333336,
    "calendar_months": 24,
    "active_months": 24,
    "profit_month_ratio": 0.0,
    "profit_calendar_month_ratio": 0.0,
    "avg_monthly_net_pnl_usd": -21411.56207947138,
    "avg_calendar_monthly_net_pnl_usd": -21411.56207947138,
    "expectancy_usd": -519.5930130508726,
    "avg_trade_minutes": 7.507583417593529,
    "median_trade_minutes": 0.0,
    "max_consecutive_wins": 6,
    "max_consecutive_losses": 15
  }
}