pair,trades,wins,losses,win_rate_pct,profit_factor,net_pnl_usd,avg_r_multiple
USDCHF,3,1,2,33.33333333333333,0.02277193075475037,-1154.4394606366131,-0.9340976755507674
