{
  "portfolio_summary": {
    "initial_capital": 100000.0,
    "final_equity": -319382.6725330235,
    "total_return_pct": -419.3826725330235,
    "max_drawdown_pct": 419.88644150556047,
    "sharpe_ratio": -0.49810566622836266,
    "profit_factor": 0.32088720654970565,
    "total_trades": 832,
    "wins": 338,
    "losses": 494,
    "break_even_trades": 0,
    "win_rate_pct": 40.625,
    "trades_per_month": 17.333333333333332,
    "trades_per_active_month": 17.333333333333332,
    "calendar_months": 48,
    "active_months": 48,
    "profit_month_ratio": 0.0,
    "profit_calendar_month_ratio": 0.0,
    "avg_monthly_net_pnl_usd": -8737.139011104666,
    "avg_calendar_monthly_net_pnl_usd": -8737.139011104666,
    "expectancy_usd": -504.0657121791153,
    "avg_trade_minutes": 4.789663461538462,
    "median_trade_minutes": 0.0,
    "max_consecutive_wins": 7,
    "max_consecutive_losses": 12
  }
}