pair,year,trades,wins,losses,net_pnl_usd,profit_factor
USDJPY,2020,1,1,0,253.72280278424722,inf
USDJPY,2021,2,1,1,-505.7850001405602,0.007570514740698078
