{
  "total_trades": 16,
  "win_rate": 43.75,
  "profit_factor": 0.2119537129753356,
  "expectancy": -487.824006192135,
  "expectancy_r": -0.48782400619213506,
  "max_drawdown": 9.785680089864764,
  "return_total": -7.805184099074158,
  "avg_trades_per_month": 0.3333333333333333,
  "negative_months": 7,
  "negative_years": 3
}