pair,trades,wins,losses,win_rate_pct,profit_factor,net_pnl_usd,avg_r_multiple
USDJPY,11,6,5,54.54545454545454,0.43479735916852197,-1099.2193106189015,-0.327100827729114
