pair,year,trades,wins,losses,net_pnl_usd,profit_factor
USDJPY,2020,4,2,2,-561.4874253393095,0.39720978553825975
USDJPY,2021,7,4,3,-537.7318852795923,0.4693484513195078
