{
  "total_trades": 23,
  "win_rate": 60.86956521739131,
  "profit_factor": 0.7389502631229894,
  "expectancy": -83.89880458461211,
  "expectancy_r": -0.08389880458461209,
  "max_drawdown": 2.9425376755711086,
  "return_total": -1.9296725054460673,
  "avg_trades_per_month": 0.9583333333333334,
  "negative_months": 6,
  "negative_years": 2
}