pair,year,trades,wins,losses,net_pnl_usd,profit_factor
EURUSD,2020,15,7,8,-2383.998469031467,0.4260598607520274
EURUSD,2021,10,4,6,-2686.8987973215667,0.08084619026515967
