pair,trades,wins,losses,win_rate_pct,profit_factor,net_pnl_usd,avg_r_multiple
USDCAD,3,1,2,33.33333333333333,0.8462150600887933,-165.59044292791665,-0.1843266608158088
