scenario,total_r,pf
BASE,114.61219104089888,18.105842281110334
REMOVE_2024-05,97.54068369552894,16.573406641167093
REMOVE_TOP_5_TRADES,107.61219104089886,17.061093944303448
ADVERSARIAL_COMBINED,74.81219104089888,5.266965864677508
