{
    "risk_pips": {
        "mean": 15.592261904761905,
        "median": 13.2,
        "p10": 6.27,
        "p90": 26.920000000000005
    },
    "spread_pips": {
        "mean": 0.36904761904761907,
        "median": 0.3,
        "p95": 0.7
    },
    "spread_r": {
        "mean": 0.0340547619047619,
        "median": 0.0233,
        "p95": 0.10054500000000002
    }
}