scenario,pf,total_r
BASE_MODEL_B,18.105842281109837,114.61219104089898
REMOVE_TOP_5_MODEL_B,0.0,107.61219104089886
ADVERSARIAL_MODEL_D_0.2R,5.609180079123727,80.81219104089898
