{
    "Actual": {
        "PF": 2.792959738145144,
        "expectancy": 0.2809425961904762,
        "winrate": 32.53333333333333,
        "total_R": 737.4743149999999
    },
    "Exclude_TE": {
        "PF": 2.8389873417721523,
        "expectancy": 0.2876831683168317,
        "winrate": 31.722772277227723,
        "total_R": 726.4000000000001
    },
    "TE_0R": {
        "PF": 2.8389873417721523,
        "expectancy": 0.2767238095238095,
        "winrate": 30.514285714285716,
        "total_R": 726.3999999999999
    },
    "TE_minus_0_2R": {
        "PF": 2.7021686746987954,
        "expectancy": 0.2691047619047619,
        "winrate": 30.514285714285716,
        "total_R": 706.4
    }
}