{
  "total_trades": 181,
  "auditables": 169,
  "pf_tick": 0.047605053828618675,
  "expectancy_tick": -0.8589937197052856,
  "total_r_tick": -145.16993863019326,
  "winrate_tick": 5.325443786982249,
  "match_rate": 2.209944751381215,
  "best_month": "2025-07",
  "worst_month": "2024-05"
}