scenario,total_r,pf
BASE,114.61219104089888,18.105842281110334
NON_AUDITABLES_AS_SL,102.61219104089888,0.0
EXTRA_COST_0_1R,97.71219104089886,0.0
EXTRA_COST_0_2R,80.81219104089888,0.0
