scenario,total_r
BASE,-145.16993863019326
NON_AUDITABLES_AS_SL,-157.16993863019326
EXTRA_COST_0_1R,-162.06993863019323
