metric,current_value,sim_mean,percentile
PF,3.3242947798492706,2.880505572176028,78.60000000000001
Total_R,59.237172,48.707329561,85.1
