scenario,total_r,pf
BASE_MODEL_C,113.21219104089424,17.896892613748356
ADVERSE_COMBINED,73.41219104089424,0.0
