{
    "total_months": 4,
    "agg_total_R": 21.718978622455708,
    "agg_pf_mean": 2.0844541892507173,
    "agg_expectancy_mean": 0.28062097821628446,
    "months_positive": 4,
    "months_negative": 0
}