{
  "total_trades": 166,
  "auditable_trades": 154,
  "PF_tick": 0.03619014860555323,
  "expectancy_tick": -0.910525461038961,
  "DD_tick": -140.220921,
  "total_R_tick": -140.220921,
  "winrate_tick": 4.545454545454546,
  "missing_months": [
    "2024-06"
  ],
  "generated_at": "2026-05-02T14:35:39.375591"
}