model,pf,exp
MODEL_A,18.105842281110334,0.6781786452124194
MODEL_B,9.075268782293893,0.5781786452124192
MODEL_C,5.609180079123772,0.47817864521241943
