{
  "total_trades": 181,
  "auditables": 169,
  "pf_tick": 18.105842281110334,
  "expectancy_tick": 0.6781786452124194,
  "total_r_tick": 114.61219104089888,
  "winrate_tick": 68.04733727810651,
  "match_rate": 19.88950276243094,
  "max_dd_tick": -1.8587570621468643,
  "positive_months": 9,
  "negative_months": 0
}