{
  "best_month_contrib": 14.895018750036835,
  "top_5_contrib": 6.107552727529726,
  "max_losing_streak": 2
}