pair,year,trades,wins,losses,net_pnl_usd,profit_factor
EURUSD,2020,132,62,70,-21947.86092176602,0.48963002092183855
EURUSD,2021,122,54,68,-18200.082343139406,0.31182657270108144
