{
  "total_trades": 9,
  "win_rate": 44.44444444444444,
  "profit_factor": 0.2039956575412183,
  "expectancy": -551.412155733135,
  "expectancy_r": -0.5514121557331351,
  "max_drawdown": 5.196234906874117,
  "return_total": -4.962709401598198,
  "avg_trades_per_month": 0.1875,
  "negative_months": 5,
  "negative_years": 2
}