metric,before_fix,after_fix
count,21.0,21.0
sum_pnl_r,7.142099999999999,6.881400000000001
mean_pnl_r,0.34009999999999996,0.32768571428571436
