pair,month,trades,wins,losses,win_rate,total_pnl_r,total_pnl_usd,avg_pnl_r,max_drawdown_pct,profit_factor
EURUSD,2024-06,1,0,1,0.0,-1.1908966318272916,-1190.8966318272915,-1.1908966318272916,0.0,0.0
EURUSD,2024-10,1,0,1,0.0,-1.1624010416234438,-1162.401041623444,-1.1624010416234438,0.0,0.0
EURUSD,2025-07,1,1,0,100.0,0.3306138500178304,330.6138500178304,0.3306138500178304,0.0,inf
EURUSD,2025-10,1,0,1,0.0,-1.1520027390713306,-1152.0027390713306,-1.1520027390713306,0.0,0.0
