{
  "total_trades": 14,
  "win_rate": 21.428571428571427,
  "profit_factor": 0.1422084218448217,
  "expectancy": -568.5944461570763,
  "expectancy_r": -0.5685944461570763,
  "max_drawdown": 8.164383044502136,
  "return_total": -7.96032224619907,
  "avg_trades_per_month": 0.2916666666666667,
  "negative_months": 11,
  "negative_years": 4
}