{
  "total_trades": 12,
  "win_rate": 25.0,
  "profit_factor": 0.13645827161534999,
  "expectancy": -672.7202755119937,
  "expectancy_r": -0.6727202755119936,
  "max_drawdown": 8.224221287889833,
  "return_total": -8.072643306143956,
  "avg_trades_per_month": 0.25,
  "negative_months": 9,
  "negative_years": 4
}