pair,year,trades,wins,losses,net_pnl_usd,profit_factor
GBPUSD,2020,11,4,7,-2901.718874313355,0.46263949067609295
GBPUSD,2021,5,2,3,-1383.793920710259,0.3687964388117478
