{
  "total_trades": 37,
  "win_rate": 37.83783783783784,
  "profit_factor": 0.3353014146041599,
  "expectancy": -353.0147872983264,
  "expectancy_r": -0.35301478729832625,
  "max_drawdown": 13.539707785420452,
  "return_total": -13.061547130038075,
  "avg_trades_per_month": 1.5416666666666667,
  "negative_months": 12,
  "negative_years": 2
}