{
  "total_trades": 25,
  "win_rate": 24.0,
  "profit_factor": 0.11699032120228477,
  "expectancy": -645.9361766236821,
  "expectancy_r": -0.6459361766236821,
  "max_drawdown": 16.42965878919088,
  "return_total": -16.14840441559211,
  "avg_trades_per_month": 0.5208333333333334,
  "negative_months": 15,
  "negative_years": 4
}