pair,trades,wins,losses,win_rate_pct,profit_factor,net_pnl_usd,avg_r_multiple
USDJPY,7,3,4,42.857142857142854,0.3224925546685534,-2468.662925198228,-0.4675281583966192
