pair,year,trades,wins,losses,net_pnl_usd,profit_factor
USDJPY,2020,29,5,24,-12042.646522123187,0.1683502823342693
USDJPY,2021,32,7,25,-7316.6766708511,0.3620692008392075
