{
  "total_trades": 33,
  "win_rate": 45.45454545454545,
  "profit_factor": 0.5863299453427464,
  "expectancy": -187.3496168530659,
  "expectancy_r": -0.18734961685306586,
  "max_drawdown": 6.751332591599174,
  "return_total": -6.182537356151185,
  "avg_trades_per_month": 1.375,
  "negative_months": 12,
  "negative_years": 2
}