pair,trades,wins,losses,win_rate_pct,profit_factor,net_pnl_usd,avg_r_multiple
EURUSD,190,52,138,27.368421052631582,0.600589084219616,-36120.958893386414,-0.4607164041901661
