pair,month,trades,wins,losses,net_pnl_usd,profit_factor
USDJPY,2016-01,1,1,0,397.3165872465669,inf
USDJPY,2018-06,1,1,0,447.77532822358296,inf
USDJPY,2019-08,1,0,1,-501.3683915342129,0.0
USDJPY,2020-02,1,1,0,22.189054305507725,inf
USDJPY,2020-05,1,0,1,-503.8109862721591,0.0
USDJPY,2021-08,1,1,0,3.8640666343868872,inf
USDJPY,2021-12,1,1,0,138.87588311895533,inf
