pair,year,trades,wins,losses,breakevens,win_rate,total_pnl_r,total_pnl_usd,avg_pnl_r,max_drawdown_pct,profit_factor
EURUSD,2015,57,26,31,0,45.614035087719294,-11.29303704935716,-6192.721543033011,-0.19812345700626596,9.486182599751574,0.7401780422720786
EURUSD,2016,66,32,34,0,48.484848484848484,-1.8433754399197622,-2158.3373970820912,-0.027929930907875183,7.501492209771385,0.9251023327056904
EURUSD,2017,63,31,32,0,49.2063492063492,3.137538711977278,2602.8087394512186,0.049802201777417114,6.674192812895825,1.0794800603846166
EURUSD,2018,5,2,3,0,40.0,-3.06499445859093,-3598.056866969111,-0.612998891718186,4.811493963688364,0.25271946691699976
