pair,trades,wins,losses,win_rate_pct,profit_factor,net_pnl_usd,avg_r_multiple
USDCAD,57,16,41,28.07017543859649,0.5395346127593521,-13407.613105912113,-0.5097560605865891
