pair,year,trades,wins,losses,net_pnl_usd,profit_factor
USDCAD,2020,33,12,21,-3367.5254437211684,0.7686708544904539
USDCAD,2021,24,4,20,-10040.087662190945,0.31044474189860266
