pair,trades,wins,losses,win_rate_pct,profit_factor,net_pnl_usd,avg_r_multiple
USDJPY,21,14,7,66.66666666666666,1.2836842448772523,1173.3752937797515,-0.01985682167224112
