{
  "total_trades": 564,
  "win_rate": 44.32624113475177,
  "profit_factor": 0.6362334634513017,
  "expectancy": -235.1361571067026,
  "expectancy_r": -0.23513615710670258,
  "max_drawdown": 133.50495878785134,
  "return_total": -132.61679260818022,
  "avg_trades_per_month": 11.75,
  "negative_months": 38,
  "negative_years": 4
}