{
  "total_trades": 156,
  "win_rate": 42.30769230769231,
  "profit_factor": 0.4018964799517921,
  "expectancy": -322.3748014254559,
  "expectancy_r": -0.3223748014254559,
  "max_drawdown": 51.474683393351164,
  "return_total": -50.29046902237106,
  "avg_trades_per_month": 3.25,
  "negative_months": 34,
  "negative_years": 4
}