{
  "portfolio_summary": {
    "initial_capital": 100000.0,
    "final_equity": -606800.6653150793,
    "total_return_pct": -706.8006653150793,
    "max_drawdown_pct": 707.3467552562547,
    "sharpe_ratio": -0.42870903287043444,
    "profit_factor": 0.38382608122932366,
    "total_trades": 1661,
    "wins": 715,
    "losses": 946,
    "break_even_trades": 0,
    "win_rate_pct": 43.04635761589404,
    "trades_per_month": 34.604166666666664,
    "trades_per_active_month": 34.604166666666664,
    "calendar_months": 48,
    "active_months": 48,
    "profit_month_ratio": 0.020833333333333332,
    "profit_calendar_month_ratio": 0.020833333333333332,
    "avg_monthly_net_pnl_usd": -14725.013860730813,
    "avg_calendar_monthly_net_pnl_usd": -14725.013860730813,
    "expectancy_usd": -425.5271916406256,
    "avg_trade_minutes": 7.046959662853703,
    "median_trade_minutes": 5.0,
    "max_consecutive_wins": 9,
    "max_consecutive_losses": 12
  }
}