pair,trades,wins,losses,win_rate_pct,profit_factor,net_pnl_usd,avg_r_multiple
USDJPY,17,12,5,70.58823529411765,1.4582110134121193,1495.7592528163532,0.0971345182077457
