pair,year,trades,wins,losses,net_pnl_usd,profit_factor
USDJPY,2020,9,6,3,-49.56430871073468,0.9715663074183
USDJPY,2021,8,6,2,1545.3235615270878,2.015863727479649
