{
  "portfolio_summary": {
    "initial_capital": 100000.0,
    "final_equity": -742404.1102793823,
    "total_return_pct": -842.4041102793822,
    "max_drawdown_pct": 835.6223821030875,
    "sharpe_ratio": -0.07182074939586185,
    "profit_factor": 0.16990896333883093,
    "total_trades": 1326,
    "wins": 541,
    "losses": 785,
    "break_even_trades": 0,
    "win_rate_pct": 40.79939668174962,
    "trades_per_month": 55.25,
    "trades_per_active_month": 55.25,
    "calendar_months": 24,
    "active_months": 24,
    "profit_month_ratio": 0.0,
    "profit_calendar_month_ratio": 0.0,
    "avg_monthly_net_pnl_usd": -35100.17126164096,
    "avg_calendar_monthly_net_pnl_usd": -35100.17126164096,
    "expectancy_usd": -635.2972174052661,
    "avg_trade_minutes": 2.239819004524887,
    "median_trade_minutes": 0.0,
    "max_consecutive_wins": 10,
    "max_consecutive_losses": 14
  }
}