pair,month,trades,wins,losses,net_pnl_usd,profit_factor
USDJPY,2016-01,1,1,0,266.5543070049365,inf
USDJPY,2018-06,1,1,0,312.27825608788845,inf
USDJPY,2019-08,1,0,1,-637.4767912537799,0.0
USDJPY,2020-02,1,0,1,-112.43447060804633,0.0
USDJPY,2020-05,1,0,1,-636.5299059565889,0.0
USDJPY,2021-08,1,0,1,-458.9216461693909,0.0
USDJPY,2021-12,1,1,0,6.230604241912204,inf
