pair,year,trades,wins,losses,net_pnl_usd,profit_factor
USDJPY,2016,1,1,0,266.5543070049365,inf
USDJPY,2018,1,1,0,312.27825608788845,inf
USDJPY,2019,1,0,1,-637.4767912537799,0.0
USDJPY,2020,2,0,2,-748.9643765646352,0.0
USDJPY,2021,2,1,1,-452.6910419274787,0.013576618784315195
