{
  "total_trades": 197,
  "win_rate": 35.025380710659896,
  "profit_factor": 0.4780813134305202,
  "expectancy": -354.9649180970208,
  "expectancy_r": -0.3549649180970208,
  "max_drawdown": 74.0092451759984,
  "return_total": -69.92808886511305,
  "avg_trades_per_month": 8.208333333333334,
  "negative_months": 19,
  "negative_years": 2
}