pair,trades,wins,losses,win_rate_pct,profit_factor,net_pnl_usd,avg_r_multiple
USDCHF,488,195,293,39.959016393442624,0.3832698191099017,-78769.19820149413,-0.5753160182613279
