pair,trades,wins,losses,win_rate_pct,profit_factor,net_pnl_usd,avg_r_multiple
USDJPY,131,47,84,35.87786259541985,0.8128214759314442,-10268.0568388631,-0.2663131453744138
