{
  "portfolio_summary": {
    "initial_capital": 100000.0,
    "final_equity": -1135736.3021007779,
    "total_return_pct": -1235.7363021007777,
    "max_drawdown_pct": 1236.2823920419535,
    "sharpe_ratio": -0.4326987431943314,
    "profit_factor": 0.44382216503353566,
    "total_trades": 3443,
    "wins": 1581,
    "losses": 1862,
    "break_even_trades": 0,
    "win_rate_pct": 45.91925646238745,
    "trades_per_month": 71.72916666666667,
    "trades_per_active_month": 71.72916666666667,
    "calendar_months": 48,
    "active_months": 48,
    "profit_month_ratio": 0.0,
    "profit_calendar_month_ratio": 0.0,
    "avg_monthly_net_pnl_usd": -25744.50629376621,
    "avg_calendar_monthly_net_pnl_usd": -25744.50629376621,
    "expectancy_usd": -358.9126639851229,
    "avg_trade_minutes": 8.90938135347081,
    "median_trade_minutes": 5.0,
    "max_consecutive_wins": 15,
    "max_consecutive_losses": 10
  }
}