pair,year,trades,wins,losses,net_pnl_usd,profit_factor
USDCHF,2020,55,18,37,-2961.5878836210477,0.8935355389573915
USDCHF,2021,45,14,31,-9760.65286959359,0.4815900962002477
