{
  "portfolio_summary": {
    "initial_capital": 100000.0,
    "final_equity": -216815.6542414685,
    "total_return_pct": -316.8156542414685,
    "max_drawdown_pct": 315.37925336151346,
    "sharpe_ratio": 0.8149362170039857,
    "profit_factor": 0.22760047223931978,
    "total_trades": 488,
    "wins": 166,
    "losses": 322,
    "break_even_trades": 0,
    "win_rate_pct": 34.01639344262295,
    "trades_per_month": 20.333333333333332,
    "trades_per_active_month": 20.333333333333332,
    "calendar_months": 24,
    "active_months": 24,
    "profit_month_ratio": 0.0,
    "profit_calendar_month_ratio": 0.0,
    "avg_monthly_net_pnl_usd": -13200.652260061188,
    "avg_calendar_monthly_net_pnl_usd": -13200.652260061188,
    "expectancy_usd": -649.2124062325174,
    "avg_trade_minutes": 4.713114754098361,
    "median_trade_minutes": 0.0,
    "max_consecutive_wins": 5,
    "max_consecutive_losses": 10
  }
}