{
  "total_trades": 30,
  "win_rate": 33.33333333333333,
  "profit_factor": 0.17790745489437837,
  "expectancy": -526.6265514947353,
  "expectancy_r": -0.5266265514947353,
  "max_drawdown": 15.798796544842059,
  "return_total": -15.798796544842054,
  "avg_trades_per_month": 0.625,
  "negative_months": 16,
  "negative_years": 4
}