pair,year,trades,wins,losses,net_pnl_usd,profit_factor
USDCHF,2024,1,0,1,-776.4071875771358,0.0
USDCHF,2025,4,2,2,-699.9821862947329,0.5607442106966644
