pair,year,trades,wins,losses,net_pnl_usd,profit_factor
USDCHF,2020,111,49,62,-24634.366238034847,0.39719358131730087
USDCHF,2021,115,47,68,-22861.1842441694,0.22543137113960543
