pair,trades,wins,losses,win_rate_pct,profit_factor,net_pnl_usd,avg_r_multiple
USDJPY,22,5,17,22.727272727272727,0.10710922797885625,-11067.14962648403,-0.7829250022475179
