{
  "total_trades": 662,
  "win_rate": 45.468277945619334,
  "profit_factor": 0.7654121293931884,
  "expectancy": -135.00206355502348,
  "expectancy_r": -0.13500206355502348,
  "max_drawdown": 92.42801618506716,
  "return_total": -89.37136607342559,
  "avg_trades_per_month": 13.791666666666666,
  "negative_months": 31,
  "negative_years": 4
}