{
  "portfolio_summary": {
    "initial_capital": 100000.0,
    "final_equity": -257599.279926026,
    "total_return_pct": -357.599279926026,
    "max_drawdown_pct": 356.4357332427523,
    "sharpe_ratio": -0.5753195827022353,
    "profit_factor": 0.23236352362209511,
    "total_trades": 559,
    "wins": 193,
    "losses": 366,
    "break_even_trades": 0,
    "win_rate_pct": 34.52593917710197,
    "trades_per_month": 23.291666666666668,
    "trades_per_active_month": 23.291666666666668,
    "calendar_months": 24,
    "active_months": 24,
    "profit_month_ratio": 0.0,
    "profit_calendar_month_ratio": 0.0,
    "avg_monthly_net_pnl_usd": -14899.96999691775,
    "avg_calendar_monthly_net_pnl_usd": -14899.96999691775,
    "expectancy_usd": -639.7124864508514,
    "avg_trade_minutes": 4.6869409660107335,
    "median_trade_minutes": 0.0,
    "max_consecutive_wins": 5,
    "max_consecutive_losses": 17
  }
}