{
  "total_trades": 2,
  "win_rate": 50.0,
  "profit_factor": 0.05770770027017952,
  "expectancy": -529.8731120685259,
  "expectancy_r": -0.5298731120685258,
  "max_drawdown": 1.1239175856847232,
  "return_total": -1.059746224137048,
  "avg_trades_per_month": 0.08333333333333333,
  "negative_months": 1,
  "negative_years": 1
}