{
  "portfolio_summary": {
    "initial_capital": 100000.0,
    "final_equity": -177132.12487392395,
    "total_return_pct": -277.13212487392394,
    "max_drawdown_pct": 277.5098312546641,
    "sharpe_ratio": -0.44887522561520804,
    "profit_factor": 0.3603622060897195,
    "total_trades": 606,
    "wins": 261,
    "losses": 345,
    "break_even_trades": 0,
    "win_rate_pct": 43.06930693069307,
    "trades_per_month": 12.625,
    "trades_per_active_month": 12.625,
    "calendar_months": 48,
    "active_months": 48,
    "profit_month_ratio": 0.041666666666666664,
    "profit_calendar_month_ratio": 0.041666666666666664,
    "avg_monthly_net_pnl_usd": -5773.585934873416,
    "avg_calendar_monthly_net_pnl_usd": -5773.585934873416,
    "expectancy_usd": -457.3137374157161,
    "avg_trade_minutes": 4.876237623762377,
    "median_trade_minutes": 0.0,
    "max_consecutive_wins": 5,
    "max_consecutive_losses": 8
  }
}