pair,month,trades,wins,losses,net_pnl_usd,profit_factor
USDJPY,2016-01,1,1,0,331.93544712587186,inf
USDJPY,2018-06,1,1,0,379.9931136375228,inf
USDJPY,2019-08,1,0,1,-569.6493891405246,0.0
USDJPY,2020-02,1,0,1,-45.25737785501212,0.0
USDJPY,2020-05,1,0,1,-570.2146223135112,0.0
USDJPY,2021-08,1,0,1,-393.5645125641595,0.0
USDJPY,2021-12,1,1,0,72.04430210636963,inf
