pair,trades,wins,losses,win_rate_pct,profit_factor,net_pnl_usd,avg_r_multiple
EURUSD,7,6,1,85.71428571428571,6.920110246158083,2207.9897857214337,0.34315121473137056
