{
  "portfolio_summary": {
    "initial_capital": 100000.0,
    "final_equity": -223344.56142961685,
    "total_return_pct": -323.3445614296168,
    "max_drawdown_pct": 321.8230082527954,
    "sharpe_ratio": 0.3708264599439931,
    "profit_factor": 0.295154143110105,
    "total_trades": 603,
    "wins": 227,
    "losses": 376,
    "break_even_trades": 0,
    "win_rate_pct": 37.64510779436153,
    "trades_per_month": 25.125,
    "trades_per_active_month": 25.125,
    "calendar_months": 24,
    "active_months": 24,
    "profit_month_ratio": 0.0,
    "profit_calendar_month_ratio": 0.0,
    "avg_monthly_net_pnl_usd": -13472.690059567367,
    "avg_calendar_monthly_net_pnl_usd": -13472.690059567367,
    "expectancy_usd": -536.2264700325321,
    "avg_trade_minutes": 6.144278606965174,
    "median_trade_minutes": 5.0,
    "max_consecutive_wins": 6,
    "max_consecutive_losses": 15
  }
}