pair,trades,wins,losses,win_rate_pct,profit_factor,net_pnl_usd,avg_r_multiple
USDCHF,21,11,10,52.38095238095239,0.6077504270055055,-2850.6662960633557,-0.23026776454540196
