pair,year,trades,wins,losses,net_pnl_usd,profit_factor
USDCHF,2020,14,7,7,-2278.7542016410607,0.5490761219929456
USDCHF,2021,7,4,3,-571.9120944222943,0.7416788769682863
