pair,year,trades,wins,losses,net_pnl_usd,profit_factor
EURUSD,2020,9,5,4,-1779.1802327761752,0.4676730983648923
EURUSD,2021,9,5,4,-1891.591587056946,0.3358037442587222
