pair,year,trades,wins,losses,net_pnl_usd,profit_factor
EURUSD,2020,2,1,1,-28.26430913333894,0.9230561292793061
EURUSD,2021,2,1,1,-447.34388910145253,0.3325907213648794
