pair,trades,wins,losses,win_rate_pct,profit_factor,net_pnl_usd,avg_r_multiple
USDJPY,11,6,5,54.54545454545454,0.6561384535469482,-1138.3451899548754,-0.2475297056450767
