{
  "portfolio_summary": {
    "initial_capital": 100000.0,
    "final_equity": -364540.8117883261,
    "total_return_pct": -464.54081178832604,
    "max_drawdown_pct": 465.08690172950173,
    "sharpe_ratio": -0.39738941014289925,
    "profit_factor": 0.39754982845220144,
    "total_trades": 1132,
    "wins": 493,
    "losses": 639,
    "break_even_trades": 0,
    "win_rate_pct": 43.551236749116605,
    "trades_per_month": 23.583333333333332,
    "trades_per_active_month": 23.583333333333332,
    "calendar_months": 48,
    "active_months": 48,
    "profit_month_ratio": 0.0,
    "profit_calendar_month_ratio": 0.0,
    "avg_monthly_net_pnl_usd": -9677.933578923456,
    "avg_calendar_monthly_net_pnl_usd": -9677.933578923456,
    "expectancy_usd": -410.3717418624787,
    "avg_trade_minutes": 7.071554770318021,
    "median_trade_minutes": 5.0,
    "max_consecutive_wins": 7,
    "max_consecutive_losses": 11
  }
}