month,count,sum,mean
2026-01,24,12.1927,0.5080291666666666
2026-02,22,8.3777,0.3808045454545455
2026-03,25,20.6494,0.825976
2026-04,18,13.5203,0.7511277777777778
