level_group,count,sum,mean
asia,583,266.1746,0.45656020583190393
london,475,484.0268,1.019003789473684
pd,382,33.719699999999996,0.08827146596858637
