session,count,sum,mean
Late,178,105.7192,0.5939280898876405
London_Morning,356,86.3088,0.24244044943820225
London_Overnight,712,549.4735,0.7717324438202247
NY_Afternoon,36,-2.496,-0.06933333333333333
NY_Morning,158,44.9156,0.2842759493670886
