{
  "portfolio_summary": {
    "initial_capital": 100000.0,
    "final_equity": -1349654.0357760747,
    "total_return_pct": -1449.6540357760746,
    "max_drawdown_pct": 1449.6540357760746,
    "sharpe_ratio": -0.2467788614748556,
    "profit_factor": 0.21906345712936962,
    "total_trades": 2594,
    "wins": 1131,
    "losses": 1463,
    "break_even_trades": 0,
    "win_rate_pct": 43.60061680801851,
    "trades_per_month": 54.041666666666664,
    "trades_per_active_month": 54.041666666666664,
    "calendar_months": 48,
    "active_months": 48,
    "profit_month_ratio": 0.0,
    "profit_calendar_month_ratio": 0.0,
    "avg_monthly_net_pnl_usd": -30201.125745334935,
    "avg_calendar_monthly_net_pnl_usd": -30201.125745334935,
    "expectancy_usd": -558.8488958273234,
    "avg_trade_minutes": 2.447956823438705,
    "median_trade_minutes": 0.0,
    "max_consecutive_wins": 9,
    "max_consecutive_losses": 12
  }
}