{
  "total_trades": 28,
  "win_rate": 46.42857142857143,
  "profit_factor": 0.25283736819829716,
  "expectancy": -337.4477806834011,
  "expectancy_r": -0.33744778068340114,
  "max_drawdown": 9.945784448253155,
  "return_total": -9.448537859135254,
  "avg_trades_per_month": 1.1666666666666667,
  "negative_months": 10,
  "negative_years": 2
}