pair,month,trades,wins,losses,net_pnl_usd,profit_factor
USDJPY,2022-10,1,1,0,476.8164302816265,inf
USDJPY,2024-01,1,1,0,281.3580226960092,inf
USDJPY,2025-01,1,1,0,352.78216701048626,inf
USDJPY,2025-04,1,1,0,372.06443467570926,inf
USDJPY,2025-05,1,1,0,241.38405798380168,inf
USDJPY,2025-08,1,0,1,-564.6914264889263,0.0
