pair,trades,wins,losses,win_rate_pct,profit_factor,net_pnl_usd,avg_r_multiple
USDCAD,491,202,289,41.14052953156823,0.3280479288188734,-75585.00459819916,-0.5433645701326456
