pair,trades,wins,losses,win_rate_pct,profit_factor,net_pnl_usd,avg_r_multiple
EURUSD,494,220,274,44.534412955465584,0.46180255521395586,-65469.78580989361,-0.45553288042791196
