pair,trades,wins,losses,win_rate_pct,profit_factor,net_pnl_usd,avg_r_multiple
USDJPY,114,56,58,49.122807017543856,0.35332007658892967,-18343.62616144726,-0.4593708725658475
