pair,year,trades,wins,losses,net_pnl_usd,profit_factor
USDCHF,2024,2,0,2,-803.2132490100412,0.0
USDCHF,2025,3,1,2,-1452.070945872568,0.07078595886834597
