{
  "total_trades": 59,
  "win_rate": 40.67796610169492,
  "profit_factor": 0.38947196030564607,
  "expectancy": -286.3081923393816,
  "expectancy_r": -0.28630819233938165,
  "max_drawdown": 17.889043584360053,
  "return_total": -16.892183348023494,
  "avg_trades_per_month": 1.2291666666666667,
  "negative_months": 20,
  "negative_years": 4
}