pair,year,trades,wins,losses,net_pnl_usd,profit_factor
USDJPY,2020,4,2,2,-978.8580039563622,0.21866414666472486
USDJPY,2021,3,2,1,-362.47854222308536,0.2797799580900161
