{
  "total_trades": 12,
  "win_rate": 58.333333333333336,
  "profit_factor": 0.3922894134525917,
  "expectancy": -335.96341840670175,
  "expectancy_r": -0.3359634184067017,
  "max_drawdown": 4.846525933276076,
  "return_total": -4.031561020880414,
  "avg_trades_per_month": 0.25,
  "negative_months": 5,
  "negative_years": 3
}