{
  "portfolio_summary": {
    "initial_capital": 100000.0,
    "final_equity": -124134.89502192814,
    "total_return_pct": -224.13489502192814,
    "max_drawdown_pct": 224.37941060270626,
    "sharpe_ratio": 0.35277553457587085,
    "profit_factor": 0.20475419795698205,
    "total_trades": 375,
    "wins": 154,
    "losses": 221,
    "break_even_trades": 0,
    "win_rate_pct": 41.06666666666667,
    "trades_per_month": 7.8125,
    "trades_per_active_month": 7.8125,
    "calendar_months": 48,
    "active_months": 48,
    "profit_month_ratio": 0.020833333333333332,
    "profit_calendar_month_ratio": 0.020833333333333332,
    "avg_monthly_net_pnl_usd": -4669.476979623504,
    "avg_calendar_monthly_net_pnl_usd": -4669.476979623504,
    "expectancy_usd": -597.6930533918085,
    "avg_trade_minutes": 2.44,
    "median_trade_minutes": 0.0,
    "max_consecutive_wins": 7,
    "max_consecutive_losses": 15
  }
}