{
  "total_trades": 169,
  "win_rate": 40.828402366863905,
  "profit_factor": 0.3838135810863615,
  "expectancy": -334.8380461683386,
  "expectancy_r": -0.33483804616833857,
  "max_drawdown": 56.94608002518461,
  "return_total": -56.587629802449314,
  "avg_trades_per_month": 3.5208333333333335,
  "negative_months": 35,
  "negative_years": 4
}