pair,year,trades,wins,losses,net_pnl_usd,profit_factor
EURUSD,2025,11,3,8,-2254.4072768630235,0.6322458266376183
GBPUSD,2025,5,0,5,-3896.0577110438535,0.0
