{
  "pid": 6184,
  "heartbeat_at": "2026-05-05T13:55:38.148652",
  "timestamp": 1778000138.1486616
}