{
  "portfolio_summary": {
    "initial_capital": 100000.0,
    "final_equity": -113040.77166922094,
    "total_return_pct": -213.04077166922096,
    "max_drawdown_pct": 212.83993811698446,
    "sharpe_ratio": 0.2703214010651446,
    "profit_factor": 0.1570943254083317,
    "total_trades": 314,
    "wins": 119,
    "losses": 195,
    "break_even_trades": 0,
    "win_rate_pct": 37.898089171974526,
    "trades_per_month": 13.083333333333334,
    "trades_per_active_month": 13.083333333333334,
    "calendar_months": 24,
    "active_months": 24,
    "profit_month_ratio": 0.0,
    "profit_calendar_month_ratio": 0.0,
    "avg_monthly_net_pnl_usd": -8876.698819550867,
    "avg_calendar_monthly_net_pnl_usd": -8876.698819550867,
    "expectancy_usd": -678.473795124907,
    "avg_trade_minutes": 2.1178343949044587,
    "median_trade_minutes": 0.0,
    "max_consecutive_wins": 5,
    "max_consecutive_losses": 10
  }
}