pair,trades,wins,losses,win_rate_pct,profit_factor,net_pnl_usd,avg_r_multiple
USDJPY,463,236,227,50.9719222462203,0.6297757786357556,-47074.15134127982,-0.31904806240173356
