pair,trades,wins,losses,win_rate_pct,profit_factor,net_pnl_usd,avg_r_multiple
USDJPY,231,93,138,40.25974025974026,0.2924028527159168,-44628.8800151358,-0.6427034235910889
