pair,year,trades,wins,losses,net_pnl_usd,profit_factor
USDJPY,2020,118,48,70,-27129.432235649936,0.31709226969451804
USDJPY,2021,113,45,68,-17499.447779485865,0.2503881177235004
