pair,year,trades,wins,losses,net_pnl_usd,profit_factor
USDCAD,2020,4,3,1,-260.42499470567554,0.6565682230371898
USDCAD,2021,1,0,1,-986.7598797535248,0.0
