pair,month,trades,wins,losses,net_pnl_usd,profit_factor
USDCAD,2022-02,1,0,1,-893.1481336743109,0.0
USDCAD,2022-03,1,1,0,393.43196328818345,inf
USDCAD,2022-07,1,1,0,371.49614663603796,inf
USDCAD,2023-01,1,0,1,-1121.0350671362942,0.0
USDCAD,2024-08,1,0,1,-548.4199436777308,0.0
